"Track","Athlete/Team","Grade","Meet/Date","Time (W)","Relay","Athlete/Team","","Meet/Date","Time","Field","Athlete/Team","Grade","Meet/Date","Mark (W)","Other","Athlete/Team","Grade","Meet/Date","Time (W)"
"100m","Dillon Mitchell Sheldon King","SO","Texas A&M Bluebonnet High School Invitational Mar 6, 2026 - Mar 7, 2026","9.88 (+5.8)"
"200m","Tate Taylor Texas Titans Track","SR","Prefontaine Classic Jul 3, 2026 - Jul 4, 2026","19.75 (-0.9)"
"400m","Joshua Shelton Pearland High School","SR","UIL 5A Region III & UIL 6A Region III May 1, 2026 - May 3, 2026","45.21"
"800m","Nicholas Ferguson Houston Heights","JR","Under Armour Track & Field National at IMG Academy May 29, 2026 - May 31, 2026","1:48.54"
"1600m","Caden Leonard Carroll High School","SR","Nike/Jesuit Twilight Relays Apr 23, 2026 - Apr 24, 2026","3:59.94"
"3200m","Ruel Newberry Denton Guyer","SO","Brooks PR Invitational Jun 7, 2026","8:43.40"
"110mH","Andrew Jones Klein Collins","SR","Clyde Littlefield Texas Relays Apr 3, 2026 - Apr 4, 2026","12.97 (+2.8)"
"300mH","Andrew Jones Klein Collins","SR","UIL 6A - Area 15 & 16 Apr 17, 2026","34.72"
"4x100m","Track Houston Youth Track Club","","Track Houston Championship Meet May 30, 2026 - May 31, 2026","39.61"
"4x200m","Killeen Shoemaker","","UIL State HS Track and Field Championships May 14, 2026 - May 16, 2026","1:23.19"
"4x400m","Shadow Creek","","UIL 5A Region III & UIL 6A Region III May 1, 2026 - May 3, 2026","3:08.98"
"High Jump","Micah Lockett Nacogdoches","SR","UIL 5A - District 10 Apr 8, 2026 - Apr 9, 2026","7-2"
"Long Jump","Mikah Blow Mansfield Lake Ridge","JR","UIL 6A - District 03 Apr 8, 2026 - Apr 9, 2026","25-7.25"
"Triple Jump","Kingston Sheffield Gladewater","SR","UIL State HS Track and Field Championships May 14, 2026 - May 16, 2026","51-10.5 (+2.9)"
"Pole Vault","Ben Haywood Tomball Memorial","JR","UIL State HS Track and Field Championships May 14, 2026 - May 16, 2026","17-6"
"Discus","CJ Williams Frisco Heritage","SR","UIL 5A - District 11 Apr 9, 2026 - Apr 10, 2026","221-3"
"Shot Put","CJ Williams Frisco Heritage","SR","UIL 5A - District 11 Apr 9, 2026 - Apr 10, 2026","72-0.25"
"50m","Jeremy Sepulveda Victory Baptist Academy","6th","CSAF Elementary And Junior High Regional Meet Apr 11, 2026","8.30"
"60m","Quentin Moody Unattached - TX","","2026 Coaches Coalition National Championships Jul 16, 2026 - Jul 18, 2026","6.91"
"100y","Darius Ernest Victoria East","SR","Calhoun Relays Mar 12, 2026 - Mar 13, 2026","11.18"
"SO 100m Dash","Lillian Fought Cisco","SO","UIL 2A - District 10 Apr 9, 2026","17.13"
"200y","Darius Ernest Victoria East","SR","Calhoun Relays Mar 12, 2026 - Mar 13, 2026","22.10"
"300m","Jake Odey-Jordan Texas Titans Track","SR","Miramar Invitational Apr 4, 2026","32.43"
"SO 400m Dash","Lillian Fought Cisco","SO","UIL 2A - District 10 Apr 9, 2026","1:01.73"
"1200m","Matthew Robert Unattached - TX","6th","Kardia MS/HS Meet #2 Mar 21, 2026","3:46.98"
"1500m","Caden Leonard Carroll High School","SR","Nike/Jesuit Twilight Relays Apr 23, 2026 - Apr 24, 2026","3:44.24"
"1 Mile","Caden Leonard Carroll High School","SR","Texas Distance Festival Sponsored by Hoka Mar 20, 2026 - Mar 21, 2026","4:01.02"
"2000m","Alex Pena Peaster","8th","3A DISTRICT 8 MIDDLE SCHOOL CHAMPIONSHIP Apr 2, 2026","7:19.15"
"2400m","Tate Eckhardt Thrall","7th","UIL 3A- District 19 MS Championship 2026 Mar 31, 2026","6.00"
"3000m","Ruel Newberry Denton Guyer","SO","Brooks PR Invitational Jun 7, 2026","8:12.16"
"2 Mile","Ruel Newberry Denton Guyer","SO","Brooks PR Invitational Jun 7, 2026","8:46.69"
"4K","Conroe Grand Oaks","","Grand Oaks Grizzly JV Meet #1 Feb 11, 2026","12:27.11"
"5K","Ethan Locke Valor Prep Academy High School","SR","Nike Outdoor Nationals Jun 18, 2026 - Jun 22, 2026","14:09.44"
"10K","Ethan Locke Valor Prep Academy High School","SR","The TEN Mar 27, 2026 - Mar 28, 2026","29:09.38"
"80mH","Gabriel Burrell Houston Red Raiders Sports Academy","","Wings 2026 Youth Track and Field Championships May 30, 2026 - May 31, 2026","13.24"
"100mH","Collin Leblanc Pearland Track Express","7th","Wings 2026 Youth Track and Field Championships May 30, 2026 - May 31, 2026","14.20"
"110yH","Brayden Martorell Beeville Jones","SR","Calhoun Relays Mar 12, 2026 - Mar 13, 2026","15.52"
"200mH","Immanuel Smith Wings Track Club","","Wings 2026 Youth Track and Field Championships May 30, 2026 - May 31, 2026","26.34"
"400mH","Andrew Jones The Texas Collective","SR","Nike Outdoor Nationals Jun 18, 2026 - Jun 22, 2026","49.46"
"2K Steeple","Josh Loera North Mesquite","JR","Nike Outdoor Nationals Jun 18, 2026 - Jun 22, 2026","6:00.00"
"3K Steeple","Griffin Hummel Austin Bowie","SR","Nike Outdoor Nationals Jun 18, 2026 - Jun 22, 2026","9:26.32"
"SHR 4x100m","Klein","","Klein Relays 2026 Mar 20, 2026","1:06.88"
"4x100m Throwers","Keller Fossil Ridge","","3rd Annual Jaguar Relays (Meet is Full) Mar 12, 2026","47.10"
"SHR 4x110m","Unattached - TX","","Great Southwest Classic Jun 4, 2026 - Jun 6, 2026","55.07"
"4x200y","El Paso Eastlake","","Montwood High 2026 Feb 6, 2026 - Feb 7, 2026","1:29.72"
"SMR 800m","Flight International Track","","Dallas Fort Worth (DFW) Wings Track Meet May 23, 2026","1:33.26"
"SMR 1K","Katy Cinco Ranch","","Strake Jesuit Crusaders Invitational Feb 21, 2026","1:56.42"
"1600mSMR","Humble Kingwood","","Cain Relays Feb 28, 2026","3:31.30"
"4x1600m","Conroe Woodlands College Park","","Klein Relays 2026 Mar 20, 2026","17:45.61"
"SMR","Katy","","Clyde Littlefield Texas Relays Apr 3, 2026 - Apr 4, 2026","3:24.17"
"4x800m","Keller","","Nike Outdoor Nationals Jun 18, 2026 - Jun 22, 2026","7:45.86"
"DMR 3200m","Humble Kingwood Park","","Jv League Cougar Relays Feb 19, 2026","13:41.75"
"DMR","Home School Athletic Association","","Clyde Littlefield Texas Relays Apr 3, 2026 - Apr 4, 2026","10:17.97"
"4xMile","Keller","","Nike Outdoor Nationals Jun 18, 2026 - Jun 22, 2026","17:27.08"
"Hammer Throw","Caleb McClain Austin Lake Travis","JR","New Balance Outdoor Nationals Jun 18, 2026 - Jun 21, 2026","193-11.75"
"Javelin","Jackson Ballew San Antonio Patriots Homeschool Athletics","JR","TAIAO HS State meet Apr 25, 2026","169-7"
"Weight","Kingston Hartman Hill Country Comets Track Club","SO","Comets Sunday Funday Throws Meet #1 Mar 8, 2026","51-6.75"
"Decathlon","Marcus Myhan Unattached - TX","SR","John Green Texas Greatest Athlete Invitational Jun 4, 2026 - Jun 7, 2026","6982"
"Discus Wheelchai","Devyn Harrigan Unattached - TX","","USATF Texas Southern Junior Olympic, Open, Masters, and Rac Jun 5, 2026","15-1"
"Shot Wheelchair","Kohen Grantom Coahoma","SO","UIL State HS Track and Field Championships May 14, 2026 - May 16, 2026","27-8"
"100m Wheelchair","Kohen Grantom Coahoma","SO","UIL 1A Region II & 3A Region I May 1, 2026 - May 2, 2026","15.13"
"200m Wheelchair","Rico Garcia Corpus Christi Veterans Memorial","","2026 JV District 29-5A Meet Apr 1, 2026","24.60"
"400m Wheelchair","Kohen Grantom Coahoma","SO","UIL 1A Region II & 3A Region I May 1, 2026 - May 2, 2026","50.70"
"800m Wheelchair","Devyn Harrigan Unattached - TX","","USATF Texas Southern Junior Olympic, Open, Masters, and Rac Jun 5, 2026","3:13.28"
"1500m Walk","Lukas Abiyu Torres Pearland Speed","","Afterburners Track Meet Apr 25, 2026","8:47.69"
"1600m Walk","Jonathan Pergande Great Esteem Track Club","FR","2026 Coaches Coalition National Championships Jul 16, 2026 - Jul 18, 2026","10:20.76"
"3K Walk","Josh Fink Unattached - TX","","AAU Junior Olympic Games Aug 1, 2026 - Aug 8, 2026","13:52.97"
"100m","Dillon Mitchell Sheldon King","SO","Texas A&M Bluebonnet High School Invitational Mar 6, 2026 - Mar 7, 2026","9.88 (+5.8)"
"200m","Tate Taylor Texas Titans Track","SR","Prefontaine Classic Jul 3, 2026 - Jul 4, 2026","19.75 (-0.9)"
"400m","Joshua Shelton Pearland High School","SR","UIL 5A Region III & UIL 6A Region III May 1, 2026 - May 3, 2026","45.21"
"800m","Nicholas Ferguson Houston Heights","JR","Under Armour Track & Field National at IMG Academy May 29, 2026 - May 31, 2026","1:48.54"
"1600m","Caden Leonard Carroll High School","SR","Nike/Jesuit Twilight Relays Apr 23, 2026 - Apr 24, 2026","3:59.94"
"3200m","Ruel Newberry Denton Guyer","SO","Brooks PR Invitational Jun 7, 2026","8:43.40"
"110mH","Andrew Jones Klein Collins","SR","Clyde Littlefield Texas Relays Apr 3, 2026 - Apr 4, 2026","12.97 (+2.8)"
"300mH","Andrew Jones Klein Collins","SR","UIL 6A - Area 15 & 16 Apr 17, 2026","34.72"
"4x100m","Track Houston Youth Track Club","","Track Houston Championship Meet May 30, 2026 - May 31, 2026","39.61"
"4x200m","Killeen Shoemaker","","UIL State HS Track and Field Championships May 14, 2026 - May 16, 2026","1:23.19"
"4x400m","Shadow Creek","","UIL 5A Region III & UIL 6A Region III May 1, 2026 - May 3, 2026","3:08.98"
"High Jump","Micah Lockett Nacogdoches","SR","UIL 5A - District 10 Apr 8, 2026 - Apr 9, 2026","7-2"
"Long Jump","Mikah Blow Mansfield Lake Ridge","JR","UIL 6A - District 03 Apr 8, 2026 - Apr 9, 2026","25-7.25"
"Triple Jump","Kingston Sheffield Gladewater","SR","UIL State HS Track and Field Championships May 14, 2026 - May 16, 2026","51-10.5 (+2.9)"
"Pole Vault","Ben Haywood Tomball Memorial","JR","UIL State HS Track and Field Championships May 14, 2026 - May 16, 2026","17-6"
"Discus","CJ Williams Frisco Heritage","SR","UIL 5A - District 11 Apr 9, 2026 - Apr 10, 2026","221-3"
"Shot Put","CJ Williams Frisco Heritage","SR","UIL 5A - District 11 Apr 9, 2026 - Apr 10, 2026","72-0.25"
"50m","Jeremy Sepulveda Victory Baptist Academy","6th","CSAF Elementary And Junior High Regional Meet Apr 11, 2026","8.30"
"60m","Quentin Moody Unattached - TX","","2026 Coaches Coalition National Championships Jul 16, 2026 - Jul 18, 2026","6.91"
"100y","Darius Ernest Victoria East","SR","Calhoun Relays Mar 12, 2026 - Mar 13, 2026","11.18"
"SO 100m Dash","Lillian Fought Cisco","SO","UIL 2A - District 10 Apr 9, 2026","17.13"
"200y","Darius Ernest Victoria East","SR","Calhoun Relays Mar 12, 2026 - Mar 13, 2026","22.10"
"300m","Jake Odey-Jordan Texas Titans Track","SR","Miramar Invitational Apr 4, 2026","32.43"
"SO 400m Dash","Lillian Fought Cisco","SO","UIL 2A - District 10 Apr 9, 2026","1:01.73"
"1200m","Matthew Robert Unattached - TX","6th","Kardia MS/HS Meet #2 Mar 21, 2026","3:46.98"
"1500m","Caden Leonard Carroll High School","SR","Nike/Jesuit Twilight Relays Apr 23, 2026 - Apr 24, 2026","3:44.24"
"1 Mile","Caden Leonard Carroll High School","SR","Texas Distance Festival Sponsored by Hoka Mar 20, 2026 - Mar 21, 2026","4:01.02"
"2000m","Alex Pena Peaster","8th","3A DISTRICT 8 MIDDLE SCHOOL CHAMPIONSHIP Apr 2, 2026","7:19.15"
"2400m","Tate Eckhardt Thrall","7th","UIL 3A- District 19 MS Championship 2026 Mar 31, 2026","6.00"
"3000m","Ruel Newberry Denton Guyer","SO","Brooks PR Invitational Jun 7, 2026","8:12.16"
"2 Mile","Ruel Newberry Denton Guyer","SO","Brooks PR Invitational Jun 7, 2026","8:46.69"
"4K","Conroe Grand Oaks","","Grand Oaks Grizzly JV Meet #1 Feb 11, 2026","12:27.11"
"5K","Ethan Locke Valor Prep Academy High School","SR","Nike Outdoor Nationals Jun 18, 2026 - Jun 22, 2026","14:09.44"
"10K","Ethan Locke Valor Prep Academy High School","SR","The TEN Mar 27, 2026 - Mar 28, 2026","29:09.38"
"80mH","Gabriel Burrell Houston Red Raiders Sports Academy","","Wings 2026 Youth Track and Field Championships May 30, 2026 - May 31, 2026","13.24"
"100mH","Collin Leblanc Pearland Track Express","7th","Wings 2026 Youth Track and Field Championships May 30, 2026 - May 31, 2026","14.20"
"110yH","Brayden Martorell Beeville Jones","SR","Calhoun Relays Mar 12, 2026 - Mar 13, 2026","15.52"
"200mH","Immanuel Smith Wings Track Club","","Wings 2026 Youth Track and Field Championships May 30, 2026 - May 31, 2026","26.34"
"400mH","Andrew Jones The Texas Collective","SR","Nike Outdoor Nationals Jun 18, 2026 - Jun 22, 2026","49.46"
"2K Steeple","Josh Loera North Mesquite","JR","Nike Outdoor Nationals Jun 18, 2026 - Jun 22, 2026","6:00.00"
"3K Steeple","Griffin Hummel Austin Bowie","SR","Nike Outdoor Nationals Jun 18, 2026 - Jun 22, 2026","9:26.32"
"SHR 4x100m","Klein","","Klein Relays 2026 Mar 20, 2026","1:06.88"
"4x100m Throwers","Keller Fossil Ridge","","3rd Annual Jaguar Relays (Meet is Full) Mar 12, 2026","47.10"
"SHR 4x110m","Unattached - TX","","Great Southwest Classic Jun 4, 2026 - Jun 6, 2026","55.07"
"4x200y","El Paso Eastlake","","Montwood High 2026 Feb 6, 2026 - Feb 7, 2026","1:29.72"
"SMR 800m","Flight International Track","","Dallas Fort Worth (DFW) Wings Track Meet May 23, 2026","1:33.26"
"SMR 1K","Katy Cinco Ranch","","Strake Jesuit Crusaders Invitational Feb 21, 2026","1:56.42"
"1600mSMR","Humble Kingwood","","Cain Relays Feb 28, 2026","3:31.30"
"4x1600m","Conroe Woodlands College Park","","Klein Relays 2026 Mar 20, 2026","17:45.61"
"SMR","Katy","","Clyde Littlefield Texas Relays Apr 3, 2026 - Apr 4, 2026","3:24.17"
"4x800m","Keller","","Nike Outdoor Nationals Jun 18, 2026 - Jun 22, 2026","7:45.86"
"DMR 3200m","Humble Kingwood Park","","Jv League Cougar Relays Feb 19, 2026","13:41.75"
"DMR","Home School Athletic Association","","Clyde Littlefield Texas Relays Apr 3, 2026 - Apr 4, 2026","10:17.97"
"4xMile","Keller","","Nike Outdoor Nationals Jun 18, 2026 - Jun 22, 2026","17:27.08"
"Hammer Throw","Caleb McClain Austin Lake Travis","JR","New Balance Outdoor Nationals Jun 18, 2026 - Jun 21, 2026","193-11.75"
"Javelin","Jackson Ballew San Antonio Patriots Homeschool Athletics","JR","TAIAO HS State meet Apr 25, 2026","169-7"
"Weight","Kingston Hartman Hill Country Comets Track Club","SO","Comets Sunday Funday Throws Meet #1 Mar 8, 2026","51-6.75"
"Decathlon","Marcus Myhan Unattached - TX","SR","John Green Texas Greatest Athlete Invitational Jun 4, 2026 - Jun 7, 2026","6982"
"Discus Wheelchai","Devyn Harrigan Unattached - TX","","USATF Texas Southern Junior Olympic, Open, Masters, and Rac Jun 5, 2026","15-1"
"Shot Wheelchair","Kohen Grantom Coahoma","SO","UIL State HS Track and Field Championships May 14, 2026 - May 16, 2026","27-8"
"100m Wheelchair","Kohen Grantom Coahoma","SO","UIL 1A Region II & 3A Region I May 1, 2026 - May 2, 2026","15.13"
"200m Wheelchair","Rico Garcia Corpus Christi Veterans Memorial","","2026 JV District 29-5A Meet Apr 1, 2026","24.60"
"400m Wheelchair","Kohen Grantom Coahoma","SO","UIL 1A Region II & 3A Region I May 1, 2026 - May 2, 2026","50.70"
"800m Wheelchair","Devyn Harrigan Unattached - TX","","USATF Texas Southern Junior Olympic, Open, Masters, and Rac Jun 5, 2026","3:13.28"
"1500m Walk","Lukas Abiyu Torres Pearland Speed","","Afterburners Track Meet Apr 25, 2026","8:47.69"
"1600m Walk","Jonathan Pergande Great Esteem Track Club","FR","2026 Coaches Coalition National Championships Jul 16, 2026 - Jul 18, 2026","10:20.76"
"3K Walk","Josh Fink Unattached - TX","","AAU Junior Olympic Games Aug 1, 2026 - Aug 8, 2026","13:52.97"
"100m","Dillon Mitchell Sheldon King","SO","Texas A&M Bluebonnet High School Invitational Mar 6, 2026 - Mar 7, 2026","9.88 (+5.8)"
"200m","Tate Taylor Texas Titans Track","SR","Prefontaine Classic Jul 3, 2026 - Jul 4, 2026","19.75 (-0.9)"
"400m","Joshua Shelton Pearland High School","SR","UIL 5A Region III & UIL 6A Region III May 1, 2026 - May 3, 2026","45.21"
"800m","Nicholas Ferguson Houston Heights","JR","Under Armour Track & Field National at IMG Academy May 29, 2026 - May 31, 2026","1:48.54"
"1600m","Caden Leonard Carroll High School","SR","Nike/Jesuit Twilight Relays Apr 23, 2026 - Apr 24, 2026","3:59.94"
"3200m","Ruel Newberry Denton Guyer","SO","Brooks PR Invitational Jun 7, 2026","8:43.40"
"110mH","Andrew Jones Klein Collins","SR","Clyde Littlefield Texas Relays Apr 3, 2026 - Apr 4, 2026","12.97 (+2.8)"
"300mH","Andrew Jones Klein Collins","SR","UIL 6A - Area 15 & 16 Apr 17, 2026","34.72"
"4x100m","Track Houston Youth Track Club","","Track Houston Championship Meet May 30, 2026 - May 31, 2026","39.61"
"4x200m","Killeen Shoemaker","","UIL State HS Track and Field Championships May 14, 2026 - May 16, 2026","1:23.19"
"4x400m","Shadow Creek","","UIL 5A Region III & UIL 6A Region III May 1, 2026 - May 3, 2026","3:08.98"
"High Jump","Micah Lockett Nacogdoches","SR","UIL 5A - District 10 Apr 8, 2026 - Apr 9, 2026","7-2"
"Long Jump","Mikah Blow Mansfield Lake Ridge","JR","UIL 6A - District 03 Apr 8, 2026 - Apr 9, 2026","25-7.25"
"Triple Jump","Kingston Sheffield Gladewater","SR","UIL State HS Track and Field Championships May 14, 2026 - May 16, 2026","51-10.5 (+2.9)"
"Pole Vault","Ben Haywood Tomball Memorial","JR","UIL State HS Track and Field Championships May 14, 2026 - May 16, 2026","17-6"
"Discus","CJ Williams Frisco Heritage","SR","UIL 5A - District 11 Apr 9, 2026 - Apr 10, 2026","221-3"
"Shot Put","CJ Williams Frisco Heritage","SR","UIL 5A - District 11 Apr 9, 2026 - Apr 10, 2026","72-0.25"
"50m","Jeremy Sepulveda Victory Baptist Academy","6th","CSAF Elementary And Junior High Regional Meet Apr 11, 2026","8.30"
"60m","Quentin Moody Unattached - TX","","2026 Coaches Coalition National Championships Jul 16, 2026 - Jul 18, 2026","6.91"
"100y","Darius Ernest Victoria East","SR","Calhoun Relays Mar 12, 2026 - Mar 13, 2026","11.18"
"SO 100m Dash","Lillian Fought Cisco","SO","UIL 2A - District 10 Apr 9, 2026","17.13"
"200y","Darius Ernest Victoria East","SR","Calhoun Relays Mar 12, 2026 - Mar 13, 2026","22.10"
"300m","Jake Odey-Jordan Texas Titans Track","SR","Miramar Invitational Apr 4, 2026","32.43"
"SO 400m Dash","Lillian Fought Cisco","SO","UIL 2A - District 10 Apr 9, 2026","1:01.73"
"1200m","Matthew Robert Unattached - TX","6th","Kardia MS/HS Meet #2 Mar 21, 2026","3:46.98"
"1500m","Caden Leonard Carroll High School","SR","Nike/Jesuit Twilight Relays Apr 23, 2026 - Apr 24, 2026","3:44.24"
"1 Mile","Caden Leonard Carroll High School","SR","Texas Distance Festival Sponsored by Hoka Mar 20, 2026 - Mar 21, 2026","4:01.02"
"2000m","Alex Pena Peaster","8th","3A DISTRICT 8 MIDDLE SCHOOL CHAMPIONSHIP Apr 2, 2026","7:19.15"
"2400m","Tate Eckhardt Thrall","7th","UIL 3A- District 19 MS Championship 2026 Mar 31, 2026","6.00"
"3000m","Ruel Newberry Denton Guyer","SO","Brooks PR Invitational Jun 7, 2026","8:12.16"
"2 Mile","Ruel Newberry Denton Guyer","SO","Brooks PR Invitational Jun 7, 2026","8:46.69"
"4K","Conroe Grand Oaks","","Grand Oaks Grizzly JV Meet #1 Feb 11, 2026","12:27.11"
"5K","Ethan Locke Valor Prep Academy High School","SR","Nike Outdoor Nationals Jun 18, 2026 - Jun 22, 2026","14:09.44"
"10K","Ethan Locke Valor Prep Academy High School","SR","The TEN Mar 27, 2026 - Mar 28, 2026","29:09.38"
"80mH","Gabriel Burrell Houston Red Raiders Sports Academy","","Wings 2026 Youth Track and Field Championships May 30, 2026 - May 31, 2026","13.24"
"100mH","Collin Leblanc Pearland Track Express","7th","Wings 2026 Youth Track and Field Championships May 30, 2026 - May 31, 2026","14.20"
"110yH","Brayden Martorell Beeville Jones","SR","Calhoun Relays Mar 12, 2026 - Mar 13, 2026","15.52"
"200mH","Immanuel Smith Wings Track Club","","Wings 2026 Youth Track and Field Championships May 30, 2026 - May 31, 2026","26.34"
"400mH","Andrew Jones The Texas Collective","SR","Nike Outdoor Nationals Jun 18, 2026 - Jun 22, 2026","49.46"
"2K Steeple","Josh Loera North Mesquite","JR","Nike Outdoor Nationals Jun 18, 2026 - Jun 22, 2026","6:00.00"
"3K Steeple","Griffin Hummel Austin Bowie","SR","Nike Outdoor Nationals Jun 18, 2026 - Jun 22, 2026","9:26.32"
"SHR 4x100m","Klein","","Klein Relays 2026 Mar 20, 2026","1:06.88"
"4x100m Throwers","Keller Fossil Ridge","","3rd Annual Jaguar Relays (Meet is Full) Mar 12, 2026","47.10"
"SHR 4x110m","Unattached - TX","","Great Southwest Classic Jun 4, 2026 - Jun 6, 2026","55.07"
"4x200y","El Paso Eastlake","","Montwood High 2026 Feb 6, 2026 - Feb 7, 2026","1:29.72"
"SMR 800m","Flight International Track","","Dallas Fort Worth (DFW) Wings Track Meet May 23, 2026","1:33.26"
"SMR 1K","Katy Cinco Ranch","","Strake Jesuit Crusaders Invitational Feb 21, 2026","1:56.42"
"1600mSMR","Humble Kingwood","","Cain Relays Feb 28, 2026","3:31.30"
"4x1600m","Conroe Woodlands College Park","","Klein Relays 2026 Mar 20, 2026","17:45.61"
"SMR","Katy","","Clyde Littlefield Texas Relays Apr 3, 2026 - Apr 4, 2026","3:24.17"
"4x800m","Keller","","Nike Outdoor Nationals Jun 18, 2026 - Jun 22, 2026","7:45.86"
"DMR 3200m","Humble Kingwood Park","","Jv League Cougar Relays Feb 19, 2026","13:41.75"
"DMR","Home School Athletic Association","","Clyde Littlefield Texas Relays Apr 3, 2026 - Apr 4, 2026","10:17.97"
"4xMile","Keller","","Nike Outdoor Nationals Jun 18, 2026 - Jun 22, 2026","17:27.08"
"Hammer Throw","Caleb McClain Austin Lake Travis","JR","New Balance Outdoor Nationals Jun 18, 2026 - Jun 21, 2026","193-11.75"
"Javelin","Jackson Ballew San Antonio Patriots Homeschool Athletics","JR","TAIAO HS State meet Apr 25, 2026","169-7"
"Weight","Kingston Hartman Hill Country Comets Track Club","SO","Comets Sunday Funday Throws Meet #1 Mar 8, 2026","51-6.75"
"Decathlon","Marcus Myhan Unattached - TX","SR","John Green Texas Greatest Athlete Invitational Jun 4, 2026 - Jun 7, 2026","6982"
"Discus Wheelchai","Devyn Harrigan Unattached - TX","","USATF Texas Southern Junior Olympic, Open, Masters, and Rac Jun 5, 2026","15-1"
"Shot Wheelchair","Kohen Grantom Coahoma","SO","UIL State HS Track and Field Championships May 14, 2026 - May 16, 2026","27-8"
"100m Wheelchair","Kohen Grantom Coahoma","SO","UIL 1A Region II & 3A Region I May 1, 2026 - May 2, 2026","15.13"
"200m Wheelchair","Rico Garcia Corpus Christi Veterans Memorial","","2026 JV District 29-5A Meet Apr 1, 2026","24.60"
"400m Wheelchair","Kohen Grantom Coahoma","SO","UIL 1A Region II & 3A Region I May 1, 2026 - May 2, 2026","50.70"
"800m Wheelchair","Devyn Harrigan Unattached - TX","","USATF Texas Southern Junior Olympic, Open, Masters, and Rac Jun 5, 2026","3:13.28"
"1500m Walk","Lukas Abiyu Torres Pearland Speed","","Afterburners Track Meet Apr 25, 2026","8:47.69"
"1600m Walk","Jonathan Pergande Great Esteem Track Club","FR","2026 Coaches Coalition National Championships Jul 16, 2026 - Jul 18, 2026","10:20.76"
"3K Walk","Josh Fink Unattached - TX","","AAU Junior Olympic Games Aug 1, 2026 - Aug 8, 2026","13:52.97"
"100m","Dillon Mitchell Sheldon King","SO","Texas A&M Bluebonnet High School Invitational Mar 6, 2026 - Mar 7, 2026","9.88 (+5.8)"
"200m","Tate Taylor Texas Titans Track","SR","Prefontaine Classic Jul 3, 2026 - Jul 4, 2026","19.75 (-0.9)"
"400m","Joshua Shelton Pearland High School","SR","UIL 5A Region III & UIL 6A Region III May 1, 2026 - May 3, 2026","45.21"
"800m","Nicholas Ferguson Houston Heights","JR","Under Armour Track & Field National at IMG Academy May 29, 2026 - May 31, 2026","1:48.54"
"1600m","Caden Leonard Carroll High School","SR","Nike/Jesuit Twilight Relays Apr 23, 2026 - Apr 24, 2026","3:59.94"
"3200m","Ruel Newberry Denton Guyer","SO","Brooks PR Invitational Jun 7, 2026","8:43.40"
"110mH","Andrew Jones Klein Collins","SR","Clyde Littlefield Texas Relays Apr 3, 2026 - Apr 4, 2026","12.97 (+2.8)"
"300mH","Andrew Jones Klein Collins","SR","UIL 6A - Area 15 & 16 Apr 17, 2026","34.72"
"4x100m","Track Houston Youth Track Club","","Track Houston Championship Meet May 30, 2026 - May 31, 2026","39.61"
"4x200m","Killeen Shoemaker","","UIL State HS Track and Field Championships May 14, 2026 - May 16, 2026","1:23.19"
"4x400m","Shadow Creek","","UIL 5A Region III & UIL 6A Region III May 1, 2026 - May 3, 2026","3:08.98"
"High Jump","Micah Lockett Nacogdoches","SR","UIL 5A - District 10 Apr 8, 2026 - Apr 9, 2026","7-2"
"Long Jump","Mikah Blow Mansfield Lake Ridge","JR","UIL 6A - District 03 Apr 8, 2026 - Apr 9, 2026","25-7.25"
"Triple Jump","Kingston Sheffield Gladewater","SR","UIL State HS Track and Field Championships May 14, 2026 - May 16, 2026","51-10.5 (+2.9)"
"Pole Vault","Ben Haywood Tomball Memorial","JR","UIL State HS Track and Field Championships May 14, 2026 - May 16, 2026","17-6"
"Discus","CJ Williams Frisco Heritage","SR","UIL 5A - District 11 Apr 9, 2026 - Apr 10, 2026","221-3"
"Shot Put","CJ Williams Frisco Heritage","SR","UIL 5A - District 11 Apr 9, 2026 - Apr 10, 2026","72-0.25"
"50m","Jeremy Sepulveda Victory Baptist Academy","6th","CSAF Elementary And Junior High Regional Meet Apr 11, 2026","8.30"
"60m","Quentin Moody Unattached - TX","","2026 Coaches Coalition National Championships Jul 16, 2026 - Jul 18, 2026","6.91"
"100y","Darius Ernest Victoria East","SR","Calhoun Relays Mar 12, 2026 - Mar 13, 2026","11.18"
"SO 100m Dash","Lillian Fought Cisco","SO","UIL 2A - District 10 Apr 9, 2026","17.13"
"200y","Darius Ernest Victoria East","SR","Calhoun Relays Mar 12, 2026 - Mar 13, 2026","22.10"
"300m","Jake Odey-Jordan Texas Titans Track","SR","Miramar Invitational Apr 4, 2026","32.43"
"SO 400m Dash","Lillian Fought Cisco","SO","UIL 2A - District 10 Apr 9, 2026","1:01.73"
"1200m","Matthew Robert Unattached - TX","6th","Kardia MS/HS Meet #2 Mar 21, 2026","3:46.98"
"1500m","Caden Leonard Carroll High School","SR","Nike/Jesuit Twilight Relays Apr 23, 2026 - Apr 24, 2026","3:44.24"
"1 Mile","Caden Leonard Carroll High School","SR","Texas Distance Festival Sponsored by Hoka Mar 20, 2026 - Mar 21, 2026","4:01.02"
"2000m","Alex Pena Peaster","8th","3A DISTRICT 8 MIDDLE SCHOOL CHAMPIONSHIP Apr 2, 2026","7:19.15"
"2400m","Tate Eckhardt Thrall","7th","UIL 3A- District 19 MS Championship 2026 Mar 31, 2026","6.00"
"3000m","Ruel Newberry Denton Guyer","SO","Brooks PR Invitational Jun 7, 2026","8:12.16"
"2 Mile","Ruel Newberry Denton Guyer","SO","Brooks PR Invitational Jun 7, 2026","8:46.69"
"4K","Conroe Grand Oaks","","Grand Oaks Grizzly JV Meet #1 Feb 11, 2026","12:27.11"
"5K","Ethan Locke Valor Prep Academy High School","SR","Nike Outdoor Nationals Jun 18, 2026 - Jun 22, 2026","14:09.44"
"10K","Ethan Locke Valor Prep Academy High School","SR","The TEN Mar 27, 2026 - Mar 28, 2026","29:09.38"
"80mH","Gabriel Burrell Houston Red Raiders Sports Academy","","Wings 2026 Youth Track and Field Championships May 30, 2026 - May 31, 2026","13.24"
"100mH","Collin Leblanc Pearland Track Express","7th","Wings 2026 Youth Track and Field Championships May 30, 2026 - May 31, 2026","14.20"
"110yH","Brayden Martorell Beeville Jones","SR","Calhoun Relays Mar 12, 2026 - Mar 13, 2026","15.52"
"200mH","Immanuel Smith Wings Track Club","","Wings 2026 Youth Track and Field Championships May 30, 2026 - May 31, 2026","26.34"
"400mH","Andrew Jones The Texas Collective","SR","Nike Outdoor Nationals Jun 18, 2026 - Jun 22, 2026","49.46"
"2K Steeple","Josh Loera North Mesquite","JR","Nike Outdoor Nationals Jun 18, 2026 - Jun 22, 2026","6:00.00"
"3K Steeple","Griffin Hummel Austin Bowie","SR","Nike Outdoor Nationals Jun 18, 2026 - Jun 22, 2026","9:26.32"
"SHR 4x100m","Klein","","Klein Relays 2026 Mar 20, 2026","1:06.88"
"4x100m Throwers","Keller Fossil Ridge","","3rd Annual Jaguar Relays (Meet is Full) Mar 12, 2026","47.10"
"SHR 4x110m","Unattached - TX","","Great Southwest Classic Jun 4, 2026 - Jun 6, 2026","55.07"
"4x200y","El Paso Eastlake","","Montwood High 2026 Feb 6, 2026 - Feb 7, 2026","1:29.72"
"SMR 800m","Flight International Track","","Dallas Fort Worth (DFW) Wings Track Meet May 23, 2026","1:33.26"
"SMR 1K","Katy Cinco Ranch","","Strake Jesuit Crusaders Invitational Feb 21, 2026","1:56.42"
"1600mSMR","Humble Kingwood","","Cain Relays Feb 28, 2026","3:31.30"
"4x1600m","Conroe Woodlands College Park","","Klein Relays 2026 Mar 20, 2026","17:45.61"
"SMR","Katy","","Clyde Littlefield Texas Relays Apr 3, 2026 - Apr 4, 2026","3:24.17"
"4x800m","Keller","","Nike Outdoor Nationals Jun 18, 2026 - Jun 22, 2026","7:45.86"
"DMR 3200m","Humble Kingwood Park","","Jv League Cougar Relays Feb 19, 2026","13:41.75"
"DMR","Home School Athletic Association","","Clyde Littlefield Texas Relays Apr 3, 2026 - Apr 4, 2026","10:17.97"
"4xMile","Keller","","Nike Outdoor Nationals Jun 18, 2026 - Jun 22, 2026","17:27.08"
"Hammer Throw","Caleb McClain Austin Lake Travis","JR","New Balance Outdoor Nationals Jun 18, 2026 - Jun 21, 2026","193-11.75"
"Javelin","Jackson Ballew San Antonio Patriots Homeschool Athletics","JR","TAIAO HS State meet Apr 25, 2026","169-7"
"Weight","Kingston Hartman Hill Country Comets Track Club","SO","Comets Sunday Funday Throws Meet #1 Mar 8, 2026","51-6.75"
"Decathlon","Marcus Myhan Unattached - TX","SR","John Green Texas Greatest Athlete Invitational Jun 4, 2026 - Jun 7, 2026","6982"
"Discus Wheelchai","Devyn Harrigan Unattached - TX","","USATF Texas Southern Junior Olympic, Open, Masters, and Rac Jun 5, 2026","15-1"
"Shot Wheelchair","Kohen Grantom Coahoma","SO","UIL State HS Track and Field Championships May 14, 2026 - May 16, 2026","27-8"
"100m Wheelchair","Kohen Grantom Coahoma","SO","UIL 1A Region II & 3A Region I May 1, 2026 - May 2, 2026","15.13"
"200m Wheelchair","Rico Garcia Corpus Christi Veterans Memorial","","2026 JV District 29-5A Meet Apr 1, 2026","24.60"
"400m Wheelchair","Kohen Grantom Coahoma","SO","UIL 1A Region II & 3A Region I May 1, 2026 - May 2, 2026","50.70"
"800m Wheelchair","Devyn Harrigan Unattached - TX","","USATF Texas Southern Junior Olympic, Open, Masters, and Rac Jun 5, 2026","3:13.28"
"1500m Walk","Lukas Abiyu Torres Pearland Speed","","Afterburners Track Meet Apr 25, 2026","8:47.69"
"1600m Walk","Jonathan Pergande Great Esteem Track Club","FR","2026 Coaches Coalition National Championships Jul 16, 2026 - Jul 18, 2026","10:20.76"
"3K Walk","Josh Fink Unattached - TX","","AAU Junior Olympic Games Aug 1, 2026 - Aug 8, 2026","13:52.97"
"100m","Dillon Mitchell Sheldon King","SO","Texas A&M Bluebonnet High School Invitational Mar 6, 2026 - Mar 7, 2026","9.88 (+5.8)"
"200m","Tate Taylor Texas Titans Track","SR","Prefontaine Classic Jul 3, 2026 - Jul 4, 2026","19.75 (-0.9)"
"400m","Joshua Shelton Pearland High School","SR","UIL 5A Region III & UIL 6A Region III May 1, 2026 - May 3, 2026","45.21"
"800m","Nicholas Ferguson Houston Heights","JR","Under Armour Track & Field National at IMG Academy May 29, 2026 - May 31, 2026","1:48.54"
"1600m","Caden Leonard Carroll High School","SR","Nike/Jesuit Twilight Relays Apr 23, 2026 - Apr 24, 2026","3:59.94"
"3200m","Ruel Newberry Denton Guyer","SO","Brooks PR Invitational Jun 7, 2026","8:43.40"
"110mH","Andrew Jones Klein Collins","SR","Clyde Littlefield Texas Relays Apr 3, 2026 - Apr 4, 2026","12.97 (+2.8)"
"300mH","Andrew Jones Klein Collins","SR","UIL 6A - Area 15 & 16 Apr 17, 2026","34.72"
"4x100m","Track Houston Youth Track Club","","Track Houston Championship Meet May 30, 2026 - May 31, 2026","39.61"
"4x200m","Killeen Shoemaker","","UIL State HS Track and Field Championships May 14, 2026 - May 16, 2026","1:23.19"
"4x400m","Shadow Creek","","UIL 5A Region III & UIL 6A Region III May 1, 2026 - May 3, 2026","3:08.98"
"High Jump","Micah Lockett Nacogdoches","SR","UIL 5A - District 10 Apr 8, 2026 - Apr 9, 2026","7-2"
"Long Jump","Mikah Blow Mansfield Lake Ridge","JR","UIL 6A - District 03 Apr 8, 2026 - Apr 9, 2026","25-7.25"
"Triple Jump","Kingston Sheffield Gladewater","SR","UIL State HS Track and Field Championships May 14, 2026 - May 16, 2026","51-10.5 (+2.9)"
"Pole Vault","Ben Haywood Tomball Memorial","JR","UIL State HS Track and Field Championships May 14, 2026 - May 16, 2026","17-6"
"Discus","CJ Williams Frisco Heritage","SR","UIL 5A - District 11 Apr 9, 2026 - Apr 10, 2026","221-3"
"Shot Put","CJ Williams Frisco Heritage","SR","UIL 5A - District 11 Apr 9, 2026 - Apr 10, 2026","72-0.25"
"50m","Jeremy Sepulveda Victory Baptist Academy","6th","CSAF Elementary And Junior High Regional Meet Apr 11, 2026","8.30"
"60m","Quentin Moody Unattached - TX","","2026 Coaches Coalition National Championships Jul 16, 2026 - Jul 18, 2026","6.91"
"100y","Darius Ernest Victoria East","SR","Calhoun Relays Mar 12, 2026 - Mar 13, 2026","11.18"
"SO 100m Dash","Lillian Fought Cisco","SO","UIL 2A - District 10 Apr 9, 2026","17.13"
"200y","Darius Ernest Victoria East","SR","Calhoun Relays Mar 12, 2026 - Mar 13, 2026","22.10"
"300m","Jake Odey-Jordan Texas Titans Track","SR","Miramar Invitational Apr 4, 2026","32.43"
"SO 400m Dash","Lillian Fought Cisco","SO","UIL 2A - District 10 Apr 9, 2026","1:01.73"
"1200m","Matthew Robert Unattached - TX","6th","Kardia MS/HS Meet #2 Mar 21, 2026","3:46.98"
"1500m","Caden Leonard Carroll High School","SR","Nike/Jesuit Twilight Relays Apr 23, 2026 - Apr 24, 2026","3:44.24"
"1 Mile","Caden Leonard Carroll High School","SR","Texas Distance Festival Sponsored by Hoka Mar 20, 2026 - Mar 21, 2026","4:01.02"
"2000m","Alex Pena Peaster","8th","3A DISTRICT 8 MIDDLE SCHOOL CHAMPIONSHIP Apr 2, 2026","7:19.15"
"2400m","Tate Eckhardt Thrall","7th","UIL 3A- District 19 MS Championship 2026 Mar 31, 2026","6.00"
"3000m","Ruel Newberry Denton Guyer","SO","Brooks PR Invitational Jun 7, 2026","8:12.16"
"2 Mile","Ruel Newberry Denton Guyer","SO","Brooks PR Invitational Jun 7, 2026","8:46.69"
"4K","Conroe Grand Oaks","","Grand Oaks Grizzly JV Meet #1 Feb 11, 2026","12:27.11"
"5K","Ethan Locke Valor Prep Academy High School","SR","Nike Outdoor Nationals Jun 18, 2026 - Jun 22, 2026","14:09.44"
"10K","Ethan Locke Valor Prep Academy High School","SR","The TEN Mar 27, 2026 - Mar 28, 2026","29:09.38"
"80mH","Gabriel Burrell Houston Red Raiders Sports Academy","","Wings 2026 Youth Track and Field Championships May 30, 2026 - May 31, 2026","13.24"
"100mH","Collin Leblanc Pearland Track Express","7th","Wings 2026 Youth Track and Field Championships May 30, 2026 - May 31, 2026","14.20"
"110yH","Brayden Martorell Beeville Jones","SR","Calhoun Relays Mar 12, 2026 - Mar 13, 2026","15.52"
"200mH","Immanuel Smith Wings Track Club","","Wings 2026 Youth Track and Field Championships May 30, 2026 - May 31, 2026","26.34"
"400mH","Andrew Jones The Texas Collective","SR","Nike Outdoor Nationals Jun 18, 2026 - Jun 22, 2026","49.46"
"2K Steeple","Josh Loera North Mesquite","JR","Nike Outdoor Nationals Jun 18, 2026 - Jun 22, 2026","6:00.00"
"3K Steeple","Griffin Hummel Austin Bowie","SR","Nike Outdoor Nationals Jun 18, 2026 - Jun 22, 2026","9:26.32"
"SHR 4x100m","Klein","","Klein Relays 2026 Mar 20, 2026","1:06.88"
"4x100m Throwers","Keller Fossil Ridge","","3rd Annual Jaguar Relays (Meet is Full) Mar 12, 2026","47.10"
"SHR 4x110m","Unattached - TX","","Great Southwest Classic Jun 4, 2026 - Jun 6, 2026","55.07"
"4x200y","El Paso Eastlake","","Montwood High 2026 Feb 6, 2026 - Feb 7, 2026","1:29.72"
"SMR 800m","Flight International Track","","Dallas Fort Worth (DFW) Wings Track Meet May 23, 2026","1:33.26"
"SMR 1K","Katy Cinco Ranch","","Strake Jesuit Crusaders Invitational Feb 21, 2026","1:56.42"
"1600mSMR","Humble Kingwood","","Cain Relays Feb 28, 2026","3:31.30"
"4x1600m","Conroe Woodlands College Park","","Klein Relays 2026 Mar 20, 2026","17:45.61"
"SMR","Katy","","Clyde Littlefield Texas Relays Apr 3, 2026 - Apr 4, 2026","3:24.17"
"4x800m","Keller","","Nike Outdoor Nationals Jun 18, 2026 - Jun 22, 2026","7:45.86"
"DMR 3200m","Humble Kingwood Park","","Jv League Cougar Relays Feb 19, 2026","13:41.75"
"DMR","Home School Athletic Association","","Clyde Littlefield Texas Relays Apr 3, 2026 - Apr 4, 2026","10:17.97"
"4xMile","Keller","","Nike Outdoor Nationals Jun 18, 2026 - Jun 22, 2026","17:27.08"
"Hammer Throw","Caleb McClain Austin Lake Travis","JR","New Balance Outdoor Nationals Jun 18, 2026 - Jun 21, 2026","193-11.75"
"Javelin","Jackson Ballew San Antonio Patriots Homeschool Athletics","JR","TAIAO HS State meet Apr 25, 2026","169-7"
"Weight","Kingston Hartman Hill Country Comets Track Club","SO","Comets Sunday Funday Throws Meet #1 Mar 8, 2026","51-6.75"
"Decathlon","Marcus Myhan Unattached - TX","SR","John Green Texas Greatest Athlete Invitational Jun 4, 2026 - Jun 7, 2026","6982"
"Discus Wheelchai","Devyn Harrigan Unattached - TX","","USATF Texas Southern Junior Olympic, Open, Masters, and Rac Jun 5, 2026","15-1"
"Shot Wheelchair","Kohen Grantom Coahoma","SO","UIL State HS Track and Field Championships May 14, 2026 - May 16, 2026","27-8"
"100m Wheelchair","Kohen Grantom Coahoma","SO","UIL 1A Region II & 3A Region I May 1, 2026 - May 2, 2026","15.13"
"200m Wheelchair","Rico Garcia Corpus Christi Veterans Memorial","","2026 JV District 29-5A Meet Apr 1, 2026","24.60"
"400m Wheelchair","Kohen Grantom Coahoma","SO","UIL 1A Region II & 3A Region I May 1, 2026 - May 2, 2026","50.70"
"800m Wheelchair","Devyn Harrigan Unattached - TX","","USATF Texas Southern Junior Olympic, Open, Masters, and Rac Jun 5, 2026","3:13.28"
"1500m Walk","Lukas Abiyu Torres Pearland Speed","","Afterburners Track Meet Apr 25, 2026","8:47.69"
"1600m Walk","Jonathan Pergande Great Esteem Track Club","FR","2026 Coaches Coalition National Championships Jul 16, 2026 - Jul 18, 2026","10:20.76"
"3K Walk","Josh Fink Unattached - TX","","AAU Junior Olympic Games Aug 1, 2026 - Aug 8, 2026","13:52.97"
